{"epoch": 0, "iteration": 51025, "classification loss": 0.22417733073234558, "reg loss": 0.45712196826934814, "running loss": 0.8299483320713044, "_timestamp": 1650770570, "_runtime": 19181, "_step": 51025}